{
  "width": 199.99999999999977,
  "height": 312.1320343559643,
  "percent": 5,
  "path": "M29.39197,100l-29.39197,0l100,-100l100,100h-29.18667l0,212.13203h-141.42136z"
}
