{
  "path": "M282.84271,0v141.42136l-141.42136,141.42136l-141.42136,-141.42136v-141.42136l141.42136,141.42136z",
  "width": 282.8427124746187,
  "height": 282.84271247461913,
  "order": null,
  "emoji": null,
  "category": "geometric",
  "label": null,
  "length": 1082.8427412849917,
  "percent": 19
}