{
  "width": 320.7106781186543,
  "height": 199.99999999999994,
  "percent": 14,
  "path": "M170.71068,200l-100,-100l100,-100l8.57864,8.57864h70.71068l70.71068,70.71068l0,70.71068l-50,50zM0,170.71068l0,-141.42136l70.71068,70.71068z"
}
