{
  "width": 141.4213562373095,
  "height": 282.84271247461896,
  "percent": 1,
  "path": "M141.42136,0l0,282.84271l-141.42136,0l0,-282.84271l70.71068,0l0,0z"
}
