{
  "path": "M300,0l0,200h-100l-50,50l-50,-50l-100,0l0,-200l150,150l0,0l0,0z",
  "width": 299.9999999999998,
  "height": 249.99999999999994,
  "order": null,
  "emoji": null,
  "category": "geometric",
  "label": null,
  "length": 1165.685424949238,
  "percent": 24
}