{
  "path": "M29.28932,170.71068l-29.28932,29.28932l0,-200l29.28932,29.28932l212.13203,0l29.28932,-29.28932l0,200l-29.28932,-29.28932z",
  "width": 270.71067811865487,
  "height": 200.00000000000006,
  "order": null,
  "emoji": null,
  "category": "geometric",
  "label": null,
  "length": 989.9494743067421,
  "percent": 13
}