{
  "width": 299.99999999999955,
  "height": 200.00000000000006,
  "percent": -4,
  "path": "M0,100l100,-100h100l100,100l-100,100l-100,0z"
}
