{
  "path": "M424.26407,212.13203h-212.13203l0,-70.71068l-70.71068,0l0,70.71068l-141.42136,0l212.13203,-212.13203z",
  "width": 424.2640687119282,
  "height": 212.13203435596432,
  "order": null,
  "emoji": null,
  "category": "geometric",
  "label": null,
  "length": 1165.6854247505403,
  "percent": 24
}