{
  "path": "M200,200l20.71068,20.71068h-141.42136l20.71068,-20.71068l-100,-100l100,-100l50,50l50,-50l100,100l-50,50l0,0z",
  "width": 299.9999999999999,
  "height": 220.7106781186547,
  "order": null,
  "emoji": null,
  "category": "geometric",
  "label": null,
  "length": 907.1067902704859,
  "percent": 8
}