{
  "path": "M212.13203,212.13203l-212.13203,0l0,-141.42136l70.71068,-70.71068l70.71068,0l70.71068,70.71068z",
  "width": 212.13203435596452,
  "height": 212.13203435596438,
  "order": null,
  "emoji": null,
  "category": "geometric",
  "label": null,
  "length": 765.6854353212482,
  "percent": 0
}