{
  "path": "M70.71068,70.71068l29.28932,29.28932l-100,100l0,-200h212.13203l0,212.13203h-200l100,-100l29.28932,29.28932l0,-70.71068z",
  "width": 212.1320343559646,
  "height": 212.13203435596427,
  "order": null,
  "emoji": null,
  "category": "geometric",
  "label": null,
  "length": 1331.3708296279906,
  "percent": 34
}