{
  "path": "M350,150l-341.42136,0l0,-141.42136l-8.57864,-8.57864l200,0z",
  "width": 350.0000000000007,
  "height": 150.00000000000068,
  "order": null,
  "emoji": null,
  "category": "geometric",
  "label": null,
  "length": 907.1067833906806,
  "percent": 8
}