{
  "width": 282.84271247461885,
  "height": 212.1320343559642,
  "percent": 5,
  "path": "M212.13203,141.42136l70.71068,70.71068h-282.84271l0,-70.71068l70.71068,-70.71068l0,-70.71068l141.42136,0z"
}
