{
  "width": 424.2640687119282,
  "height": 212.13203435596432,
  "percent": 21,
  "path": "M424.26407,212.13203h-212.13203l0,-70.71068l-70.71068,0l0,70.71068l-141.42136,0l212.13203,-212.13203z"
}
