{
  "path": "M200,0l100,100l-100,0l50,50l-50,50l50,50h-200l50,-50l-50,-50l50,-50l-100,0l100,-100l50,50v0l0,0z",
  "width": 299.99999999999955,
  "height": 249.99999999999994,
  "order": null,
  "emoji": null,
  "category": "geometric",
  "label": null,
  "length": 1248.528137423857,
  "percent": 29
}