{
  "path": "M141.42136,0l0,282.84271l-141.42136,0l0,-282.84271l70.71068,0l0,0z",
  "width": 141.4213562373095,
  "height": 282.84271247461896,
  "order": null,
  "emoji": null,
  "category": "geometric",
  "label": null,
  "length": 848.5281400000001,
  "percent": 5
}