{
  "path": "M0,0l300,0l-100,100l100,100l-300,0l100,-100z",
  "width": 300,
  "height": 200.00000000000006,
  "order": null,
  "emoji": null,
  "category": "geometric",
  "label": null,
  "length": 1165.685424949238,
  "percent": 24
}