{"width":424.26406871192904,"height":141.4213562373103,"percent":17,"path":"M0,141.42136l141.42136,-141.42136l0,0l0,70.71068l0,0l0,-70.71068l141.42136,0l141.42136,141.42136z","category":"geometric","name":1585255810520}