{
  "width": 424.26406871192904,
  "height": 141.4213562373103,
  "percent": 15,
  "path": "M0,141.42136l141.42136,-141.42136l141.42136,0l141.42136,141.42136z",
  "category": "geometric",
  "name": 1585255810520
}
