{"width":282.84271247461845,"height":341.4213562373099,"percent":26,"path":"M282.84271,200l-141.42136,141.42136l-141.42136,-141.42136zM141.42136,200l-100,-100l100,-100l100,100z","category":"geometric","name":1585255756304}