{
  "path": "M0,141.42136l141.42136,-141.42136l141.42136,0l141.42136,141.42136z",
  "width": 424.26406871192904,
  "height": 141.4213562373103,
  "order": null,
  "emoji": null,
  "category": "geometric",
  "label": null,
  "length": 965.6854506424959,
  "percent": 12
}