{"width":300.0000000000001,"height":299.9999999999999,"percent":43,"path":"M150,200l150,-150v100l-150,150l-150,-150v-100zM250,100h-200l100,-100z","category":"geometric","name":1585251324419}