{
  "path": "M282.84271,200l-141.42136,141.42136l-141.42136,-141.42136zM141.42136,200l-100,-100l100,-100l100,100z",
  "width": 282.84271247461845,
  "height": 341.4213562373099,
  "order": null,
  "emoji": null,
  "category": "geometric",
  "label": null,
  "length": 1248.5281555917338,
  "percent": 29
}